customer_id,first_name,last_name,email,phone,date_of_birth,gender,address_line1,address_line2,city,state,postal_code,country,customer_since,segment,status,created_at,updated_at
a1b2c3d4-e5f6-7890-abcd-ef1234567890,James,Carter,james.carter@example.com,+1-415-555-0101,1985-03-12T00:00:00+00:00,M,742 Evergreen Terrace,,Springfield,IL,62701,US,2022-06-01,RETAIL,ACTIVE,2022-06-01T09:15:00+00:00,2024-11-20T14:22:00+00:00
b2c3d4e5-f6a7-8901-bcde-f01234567891,Maria,Gonzalez,maria.gonzalez@example.com,+1-213-555-0192,1990-07-24T00:00:00+00:00,F,1600 Pennsylvania Ave NW,Apt 4B,Los Angeles,CA,90001,US,2021-03-15,SMB,ACTIVE,2021-03-15T11:00:00+00:00,2024-10-05T08:47:00+00:00
c3d4e5f6-a7b8-9012-cdef-012345678902,Robert,Kim,robert.kim@example.com,+1-212-555-0234,1978-11-03T00:00:00+00:00,M,350 Fifth Avenue,Suite 4100,New York,NY,10118,US,2020-09-10,ENTERPRISE,ACTIVE,2020-09-10T14:30:00+00:00,2024-12-01T16:05:00+00:00
d4e5f6a7-b8c9-0123-def0-123456789013,Susan,Patel,susan.patel@example.com,,1993-05-18T00:00:00+00:00,F,88 Colin P Kelly Jr St,,San Francisco,CA,94107,US,2023-01-22,RETAIL,ACTIVE,2023-01-22T07:45:00+00:00,2024-09-14T12:30:00+00:00
e5f6a7b8-c9d0-1234-ef01-234567890124,David,Okafor,david.okafor@example.com,+1-312-555-0178,1982-09-30T00:00:00+00:00,,2233 N Michigan Ave,,Chicago,IL,60601,US,2019-07-04,SMB,ACTIVE,2019-07-04T10:00:00+00:00,2024-11-11T09:20:00+00:00
f6a7b8c9-d0e1-2345-f012-345678901235,Jennifer,Walsh,jennifer.walsh@example.com,+1-617-555-0145,1988-02-14T00:00:00+00:00,F,500 Boylston St,Floor 12,Boston,MA,02116,US,2022-11-30,ENTERPRISE,ACTIVE,2022-11-30T13:15:00+00:00,2024-08-22T17:40:00+00:00
a7b8c9d0-e1f2-3456-0123-456789012346,Michael,Torres,michael.torres@example.com,+1-305-555-0167,1975-06-22T00:00:00+00:00,M,1111 Brickell Ave,,Miami,FL,33131,US,2018-04-17,ENTERPRISE,ACTIVE,2018-04-17T08:00:00+00:00,2024-07-30T11:55:00+00:00
b8c9d0e1-f2a3-4567-1234-567890123457,Ashley,Nguyen,ashley.nguyen@example.com,,1995-12-05T00:00:00+00:00,F,4700 Research Dr,,Ann Arbor,MI,48108,US,2023-08-09,RETAIL,ACTIVE,2023-08-09T15:20:00+00:00,2024-10-18T10:10:00+00:00
c9d0e1f2-a3b4-5678-2345-678901234568,Thomas,Brennan,thomas.brennan@example.com,+1-206-555-0189,1969-04-11T00:00:00+00:00,M,920 5th Ave,Ste 2800,Seattle,WA,98104,US,2017-12-01,SMB,ACTIVE,2017-12-01T09:30:00+00:00,2024-06-25T14:00:00+00:00
d0e1f2a3-b4c5-6789-3456-789012345679,Linda,Sharma,linda.sharma@example.com,+1-512-555-0211,1987-08-29T00:00:00+00:00,,3600 N Capital of Texas Hwy,Bldg B,Austin,TX,78746,US,2021-10-03,SMB,ACTIVE,2021-10-03T12:00:00+00:00,2024-12-10T09:45:00+00:00
6b5c6817-f7ac-4db3-91d9-171c98decc15,Test,User,test.user.b8f081ac@example.com,,,,,,,,,US,2026-10-02,,ACTIVE,2026-10-02T23:55:23.599974+00:00,2026-10-02T23:55:23.599974+00:00
2c7220b4-64e6-49fd-8fee-c963f0f3fa36,Test,User,test.user.89ce6eb3@example.com,,,,,,,,,US,2026-10-02,,ACTIVE,2026-10-02T23:55:23.601131+00:00,2026-10-02T23:55:23.601131+00:00
ac14e4a9-e578-4e73-9501-6414437a9e4c,Alice,Smith,test.user.1231c23c@example.com,,,,,,,,,US,2026-10-02,SMB,ACTIVE,2026-10-02T23:55:23.602008+00:00,2026-10-02T23:55:23.602008+00:00
bdde4d7a-d161-4e1f-8e2b-3eb8f7e1ca9d,Bob,Jones,test.user.6a99de2a@example.com,,,,,,,,,US,2026-10-02,,ACTIVE,2026-10-02T23:55:23.602973+00:00,2026-10-02T23:55:23.602973+00:00
9dfcd614-19e3-4a5f-a201-c2f3c2dca515,Test,User,test.user.9e7ca909@example.com,,,,,,,,,US,2026-10-02,,ACTIVE,2026-10-02T23:55:23.604321+00:00,2026-10-02T23:55:23.604321+00:00
4468a7db-e74b-42d4-ae8c-d3273bce168c,Carol,White,test.user.6b76cadd@example.com,555-000-1234,,M,1 Test St,,Testville,CA,90210,US,2026-10-02,RETAIL,ACTIVE,2026-10-02T23:55:23.606625+00:00,2026-10-02T23:55:23.606625+00:00
30043e29-c77b-41db-8bdd-68cab685fffe,Updated,Me,test.user.9cfb7fad@example.com,,,,,,,,,US,2026-10-02,,ACTIVE,2026-10-02T23:55:23.611187+00:00,2026-10-02T23:55:23.611734+00:00
44338c91-f14a-465d-a5d5-46dfbf02ba6a,Changed,Me,test.user.626f2d22@example.com,,,,,,,,,US,2026-10-02,,ACTIVE,2026-10-02T23:55:23.612614+00:00,2026-10-02T23:55:23.613114+00:00
2a47d527-3020-4152-8ad6-f2a99d628116,Update,Me,test.user.2d31ae22@example.com,,,,,,NewCity,,,US,2026-10-02,,ACTIVE,2026-10-02T23:55:23.614013+00:00,2026-10-02T23:55:23.614716+00:00
63b486c9-fa7f-4246-b69d-a234e5f7a129,Update,Me,test.user.9a44ee0b@example.com,,,,,,,,,US,2026-10-02,ENTERPRISE,ACTIVE,2026-10-02T23:55:23.615780+00:00,2026-10-02T23:55:23.616275+00:00
3e2afd23-4651-473d-b66f-91dbb622b22b,Test,User,test.user.a4dd3e8e@example.com,,,,,,,,,US,2026-10-02,,ACTIVE,2026-10-02T23:58:17.324805+00:00,2026-10-02T23:58:17.324805+00:00
7ddb0dbb-861b-4ebd-9e45-3d48b13c5683,Test,User,test.user.161dc718@example.com,,,,,,,,,US,2026-10-02,,ACTIVE,2026-10-02T23:58:17.325985+00:00,2026-10-02T23:58:17.325985+00:00
dc45b7d2-29a7-4b3a-ab27-524e0083532a,Alice,Smith,test.user.ad1d9fab@example.com,,,,,,,,,US,2026-10-02,SMB,ACTIVE,2026-10-02T23:58:17.327054+00:00,2026-10-02T23:58:17.327054+00:00
14b910d1-455e-4e7f-b27c-2ffdaf80f164,Bob,Jones,test.user.a948845d@example.com,,,,,,,,,US,2026-10-02,,ACTIVE,2026-10-02T23:58:17.328052+00:00,2026-10-02T23:58:17.328052+00:00
12ab17c4-027c-4d7c-ae8b-8ec20d697fe0,Test,User,test.user.b117f722@example.com,,,,,,,,,US,2026-10-02,,ACTIVE,2026-10-02T23:58:17.329362+00:00,2026-10-02T23:58:17.329362+00:00
baf8033b-924f-4594-b096-8132129c9dde,Carol,White,test.user.a568689b@example.com,555-000-1234,,M,1 Test St,,Testville,CA,90210,US,2026-10-02,RETAIL,ACTIVE,2026-10-02T23:58:17.331209+00:00,2026-10-02T23:58:17.331209+00:00
c1430b33-09eb-4bc0-bc44-3608525f8192,Updated,Me,test.user.cd925fc0@example.com,,,,,,,,,US,2026-10-02,,ACTIVE,2026-10-02T23:58:17.335592+00:00,2026-10-02T23:58:17.336231+00:00
322217a0-e6e6-4536-b5da-6daaccf903b3,Changed,Me,test.user.55190f0d@example.com,,,,,,,,,US,2026-10-02,,ACTIVE,2026-10-02T23:58:17.337302+00:00,2026-10-02T23:58:17.337842+00:00
1bd61823-d408-4591-b9f4-5aabc9761ad5,Update,Me,test.user.7334ae4f@example.com,,,,,,NewCity,,,US,2026-10-02,,ACTIVE,2026-10-02T23:58:17.338763+00:00,2026-10-02T23:58:17.339244+00:00
1e6906e1-d889-4397-a2f8-daf111fe23c7,Update,Me,test.user.f30e3b64@example.com,,,,,,,,,US,2026-10-02,ENTERPRISE,ACTIVE,2026-10-02T23:58:17.340144+00:00,2026-10-02T23:58:17.340580+00:00
a10a2d0d-39c4-42f0-a7d6-df72a6aa4e8d,Test,User,test.user.9b6f8b29@example.com,,,,,,,,,US,2026-10-02,,ACTIVE,2026-10-02T23:59:40.050228+00:00,2026-10-02T23:59:40.050228+00:00
8172924b-7a45-4aaa-9030-7cf928a1609c,Test,User,test.user.7fe4f28e@example.com,,,,,,,,,US,2026-10-02,,ACTIVE,2026-10-02T23:59:40.051323+00:00,2026-10-02T23:59:40.051323+00:00
6262b213-e2d2-4979-a609-ad469c8a42db,Alice,Smith,test.user.28788b2c@example.com,,,,,,,,,US,2026-10-02,SMB,ACTIVE,2026-10-02T23:59:40.052086+00:00,2026-10-02T23:59:40.052086+00:00
d62883a0-c72b-4bfd-ba01-d17c8aef3a35,Bob,Jones,test.user.c4603b67@example.com,,,,,,,,,US,2026-10-02,,ACTIVE,2026-10-02T23:59:40.052935+00:00,2026-10-02T23:59:40.052935+00:00
f89ec8e2-b17b-4b5f-931a-22e454be921a,Test,User,test.user.bb0b5d1f@example.com,,,,,,,,,US,2026-10-02,,ACTIVE,2026-10-02T23:59:40.054311+00:00,2026-10-02T23:59:40.054311+00:00
1c9a2241-2aa2-4c2a-a4f2-33b87924d936,Carol,White,test.user.03830608@example.com,555-000-1234,,M,1 Test St,,Testville,CA,90210,US,2026-10-02,RETAIL,ACTIVE,2026-10-02T23:59:40.056323+00:00,2026-10-02T23:59:40.056323+00:00
0d08eec9-d923-4f8b-af15-b0f3f9d89fe2,Updated,Me,test.user.007d69c4@example.com,,,,,,,,,US,2026-10-02,,ACTIVE,2026-10-02T23:59:40.062839+00:00,2026-10-02T23:59:40.063911+00:00
a007bada-b1a7-40f9-a726-2285c899e20d,Changed,Me,test.user.c9a5c1de@example.com,,,,,,,,,US,2026-10-02,,ACTIVE,2026-10-02T23:59:40.065507+00:00,2026-10-02T23:59:40.066299+00:00
efbeb497-b214-43f3-92e0-1051c8085547,Update,Me,test.user.0a66ca99@example.com,,,,,,NewCity,,,US,2026-10-02,,ACTIVE,2026-10-02T23:59:40.068617+00:00,2026-10-02T23:59:40.069686+00:00
11e12ca8-34b5-412d-b9f5-253fe6c0e353,Update,Me,test.user.87324b92@example.com,,,,,,,,,US,2026-10-02,ENTERPRISE,ACTIVE,2026-10-02T23:59:40.071714+00:00,2026-10-02T23:59:40.072353+00:00
77e4906b-d78e-462f-933a-88fdf30d3684,Test,User,test.user.311e1e0d@example.com,,,,,,,,,US,2026-10-02,,ACTIVE,2026-10-03T00:01:05.163712+00:00,2026-10-03T00:01:05.163712+00:00
95ba9abe-ad1a-4f32-bcc8-dd57dd143f42,Test,User,test.user.d8995d16@example.com,,,,,,,,,US,2026-10-02,,ACTIVE,2026-10-03T00:01:05.165064+00:00,2026-10-03T00:01:05.165064+00:00
c06382e9-5fc2-4bcd-86e6-825578c358ae,Alice,Smith,test.user.f91b3b99@example.com,,,,,,,,,US,2026-10-02,SMB,ACTIVE,2026-10-03T00:01:05.166084+00:00,2026-10-03T00:01:05.166084+00:00
34b85448-bc07-42a3-a50d-2abdc99555d8,Bob,Jones,test.user.a458ba66@example.com,,,,,,,,,US,2026-10-02,,ACTIVE,2026-10-03T00:01:05.166928+00:00,2026-10-03T00:01:05.166928+00:00
6d82bbe9-1f3c-473b-a5af-e98f6099dbfe,Test,User,test.user.919606ef@example.com,,,,,,,,,US,2026-10-02,,ACTIVE,2026-10-03T00:01:05.168291+00:00,2026-10-03T00:01:05.168291+00:00
0424f6ab-50c8-4280-8f54-b618c9bda91d,Carol,White,test.user.d63ce55f@example.com,555-000-1234,,M,1 Test St,,Testville,CA,90210,US,2026-10-02,RETAIL,ACTIVE,2026-10-03T00:01:05.170252+00:00,2026-10-03T00:01:05.170252+00:00
00272b14-39c9-4c21-8601-000752c06663,Updated,Me,test.user.e95bfe47@example.com,,,,,,,,,US,2026-10-02,,ACTIVE,2026-10-03T00:01:05.174972+00:00,2026-10-03T00:01:05.175599+00:00
59ced483-d512-4032-93f0-6742ecd26d3d,Changed,Me,test.user.a62c74e6@example.com,,,,,,,,,US,2026-10-02,,ACTIVE,2026-10-03T00:01:05.176805+00:00,2026-10-03T00:01:05.177326+00:00
6d1fb2af-c2f7-466b-b99e-4fefccadfa5e,Update,Me,test.user.92d7b5d4@example.com,,,,,,NewCity,,,US,2026-10-02,,ACTIVE,2026-10-03T00:01:05.178410+00:00,2026-10-03T00:01:05.178921+00:00
353c87f8-ef7c-40ab-96e3-69ff59a5c42a,Update,Me,test.user.c165fea6@example.com,,,,,,,,,US,2026-10-02,ENTERPRISE,ACTIVE,2026-10-03T00:01:05.180034+00:00,2026-10-03T00:01:05.180573+00:00
6a3ca70e-63ea-4ece-8197-7e1d3eadcb13,Test,User,test.user.42f00a70@example.com,,,,,,,,,US,2026-10-02,,ACTIVE,2026-10-03T00:02:41.311654+00:00,2026-10-03T00:02:41.311654+00:00
e731c2eb-3be4-47f3-9de5-36814c513379,Test,User,test.user.82c6279d@example.com,,,,,,,,,US,2026-10-02,,ACTIVE,2026-10-03T00:02:41.312701+00:00,2026-10-03T00:02:41.312701+00:00
3572d353-14c6-45e7-b020-a3cef066e2a7,Alice,Smith,test.user.6e6e15c2@example.com,,,,,,,,,US,2026-10-02,SMB,ACTIVE,2026-10-03T00:02:41.313574+00:00,2026-10-03T00:02:41.313574+00:00
833546ec-83b6-4e5a-a536-f861dcf779a9,Bob,Jones,test.user.31e8d190@example.com,,,,,,,,,US,2026-10-02,,ACTIVE,2026-10-03T00:02:41.314410+00:00,2026-10-03T00:02:41.314410+00:00
72c408ee-664b-4be7-add2-d64bdfe7bae8,Test,User,test.user.c75a343b@example.com,,,,,,,,,US,2026-10-02,,ACTIVE,2026-10-03T00:02:41.315606+00:00,2026-10-03T00:02:41.315606+00:00
3e998824-8530-46f8-ad53-9ea34a017b44,Carol,White,test.user.b7392843@example.com,555-000-1234,,M,1 Test St,,Testville,CA,90210,US,2026-10-02,RETAIL,ACTIVE,2026-10-03T00:02:41.317855+00:00,2026-10-03T00:02:41.317855+00:00
7e891cfe-cb11-407e-854b-602677b18f94,Updated,Me,test.user.91b52331@example.com,,,,,,,,,US,2026-10-02,,ACTIVE,2026-10-03T00:02:41.324638+00:00,2026-10-03T00:02:41.326310+00:00
5ba89a1a-fd1b-4170-a8a8-9e8631958624,Changed,Me,test.user.dcdfaa49@example.com,,,,,,,,,US,2026-10-02,,ACTIVE,2026-10-03T00:02:41.328140+00:00,2026-10-03T00:02:41.329462+00:00
a4fe1b25-e95c-4752-9142-81ecca0767e5,Update,Me,test.user.be3abe02@example.com,,,,,,NewCity,,,US,2026-10-02,,ACTIVE,2026-10-03T00:02:41.331285+00:00,2026-10-03T00:02:41.332096+00:00
90362b0c-194a-4997-b982-4308f2050122,Update,Me,test.user.9911e863@example.com,,,,,,,,,US,2026-10-02,ENTERPRISE,ACTIVE,2026-10-03T00:02:41.333851+00:00,2026-10-03T00:02:41.334405+00:00
cf4d9cc3-bd25-4f6f-90cd-e4cb783f2f1a,Test,User,test.user.a884b8a3@example.com,,,,,,,,,US,2026-10-02,,ACTIVE,2026-10-03T00:05:05.371851+00:00,2026-10-03T00:05:05.371851+00:00
ce798db9-986d-4e96-83b5-348e308cbf70,Test,User,test.user.0acee9ee@example.com,,,,,,,,,US,2026-10-02,,ACTIVE,2026-10-03T00:05:05.373223+00:00,2026-10-03T00:05:05.373223+00:00
3449b989-52df-4468-81b3-ef63373dd3bd,Alice,Smith,test.user.3deb7df1@example.com,,,,,,,,,US,2026-10-02,SMB,ACTIVE,2026-10-03T00:05:05.374192+00:00,2026-10-03T00:05:05.374192+00:00
4bfcbaaa-2202-4aff-b814-68488b26f39f,Bob,Jones,test.user.0f497091@example.com,,,,,,,,,US,2026-10-02,,ACTIVE,2026-10-03T00:05:05.375025+00:00,2026-10-03T00:05:05.375025+00:00
277bc38b-5bc7-452d-87d0-b155323a7a39,Test,User,test.user.ffe60c8d@example.com,,,,,,,,,US,2026-10-02,,ACTIVE,2026-10-03T00:05:05.376225+00:00,2026-10-03T00:05:05.376225+00:00
f6b7f15f-8d56-4ed1-90a0-2b556e4c3fc0,Carol,White,test.user.74c144ba@example.com,555-000-1234,,M,1 Test St,,Testville,CA,90210,US,2026-10-02,RETAIL,ACTIVE,2026-10-03T00:05:05.378049+00:00,2026-10-03T00:05:05.378049+00:00
f1febf93-d272-4408-b274-b7dc513f9deb,Updated,Me,test.user.b541da8c@example.com,,,,,,,,,US,2026-10-02,,ACTIVE,2026-10-03T00:05:05.382522+00:00,2026-10-03T00:05:05.384126+00:00
22267439-31e8-44a3-b9bf-e90f2b36028e,Changed,Me,test.user.e7282809@example.com,,,,,,,,,US,2026-10-02,,ACTIVE,2026-10-03T00:05:05.387169+00:00,2026-10-03T00:05:05.388066+00:00
2e7ad6d1-7bac-4f0b-a3f1-fee41b48b0f1,Update,Me,test.user.16dd1310@example.com,,,,,,NewCity,,,US,2026-10-02,,ACTIVE,2026-10-03T00:05:05.390015+00:00,2026-10-03T00:05:05.391126+00:00
844f28ca-f60b-4483-923e-2637b711f3fb,Update,Me,test.user.0abc7046@example.com,,,,,,,,,US,2026-10-02,ENTERPRISE,ACTIVE,2026-10-03T00:05:05.392995+00:00,2026-10-03T00:05:05.394609+00:00
4556d088-662e-40ad-bcb1-10945829c1f2,Test,User,test.user.151de178@example.com,,,,,,,,,US,2026-10-02,,ACTIVE,2026-10-03T00:08:15.860285+00:00,2026-10-03T00:08:15.860285+00:00
2626499e-2e83-417b-b8f8-b1a5f5eb1723,Test,User,test.user.d6d1c394@example.com,,,,,,,,,US,2026-10-02,,ACTIVE,2026-10-03T00:08:15.861656+00:00,2026-10-03T00:08:15.861656+00:00
d8e149b4-b686-441f-8824-6dbc40048f4a,Alice,Smith,test.user.53bb23c5@example.com,,,,,,,,,US,2026-10-02,SMB,ACTIVE,2026-10-03T00:08:15.862570+00:00,2026-10-03T00:08:15.862570+00:00
5e460ee6-a677-43f9-84e5-11d121c63d52,Bob,Jones,test.user.daeb0a24@example.com,,,,,,,,,US,2026-10-02,,ACTIVE,2026-10-03T00:08:15.863390+00:00,2026-10-03T00:08:15.863390+00:00
b0f7b524-8d74-4ffc-87ba-fa61849055b4,Test,User,test.user.fdc126c6@example.com,,,,,,,,,US,2026-10-02,,ACTIVE,2026-10-03T00:08:15.864656+00:00,2026-10-03T00:08:15.864656+00:00
d0e34078-12e9-4419-9ebe-76bd53a58598,Carol,White,test.user.83264d48@example.com,555-000-1234,,M,1 Test St,,Testville,CA,90210,US,2026-10-02,RETAIL,ACTIVE,2026-10-03T00:08:15.866576+00:00,2026-10-03T00:08:15.866576+00:00
31182369-420f-4070-b55e-08b379d43149,Updated,Me,test.user.6f7dba51@example.com,,,,,,,,,US,2026-10-02,,ACTIVE,2026-10-03T00:08:15.871296+00:00,2026-10-03T00:08:15.871867+00:00
0e1b7c52-58b8-4ec2-88dc-1f2105a530d8,Changed,Me,test.user.9b3efdc0@example.com,,,,,,,,,US,2026-10-02,,ACTIVE,2026-10-03T00:08:15.873093+00:00,2026-10-03T00:08:15.873565+00:00
88e8b519-db18-4433-b555-e2cbb44ac0a8,Update,Me,test.user.c5d8210d@example.com,,,,,,NewCity,,,US,2026-10-02,,ACTIVE,2026-10-03T00:08:15.874650+00:00,2026-10-03T00:08:15.875120+00:00
75d7b526-947b-4e37-80a4-88ffdd5454ef,Update,Me,test.user.59df452e@example.com,,,,,,,,,US,2026-10-02,ENTERPRISE,ACTIVE,2026-10-03T00:08:15.876270+00:00,2026-10-03T00:08:15.876778+00:00
5955d861-2bc8-40e0-ba82-c3edfe48cfc8,Test,User,test.user.f9f23203@example.com,,,,,,,,,US,2026-10-02,,ACTIVE,2026-10-03T00:15:14.535535+00:00,2026-10-03T00:15:14.535535+00:00
bf335375-6b69-457b-b668-7199c2baa354,Test,User,test.user.f9ec2419@example.com,,,,,,,,,US,2026-10-02,,ACTIVE,2026-10-03T00:15:14.537002+00:00,2026-10-03T00:15:14.537002+00:00
dcea4401-2628-4c5d-a6d5-e6c79f38c90c,Alice,Smith,test.user.4e4cc0e3@example.com,,,,,,,,,US,2026-10-02,SMB,ACTIVE,2026-10-03T00:15:14.537886+00:00,2026-10-03T00:15:14.537886+00:00
8261816e-4723-4fdf-9680-01093f48576e,Bob,Jones,test.user.a74aa9bd@example.com,,,,,,,,,US,2026-10-02,,ACTIVE,2026-10-03T00:15:14.538784+00:00,2026-10-03T00:15:14.538784+00:00
659f947a-482b-4c97-afb1-bc91f9f9f774,Test,User,test.user.ff60bdd0@example.com,,,,,,,,,US,2026-10-02,,ACTIVE,2026-10-03T00:15:14.540016+00:00,2026-10-03T00:15:14.540016+00:00
ad49ab5a-f802-403f-860b-3e3af92368bc,Carol,White,test.user.aee9053b@example.com,555-000-1234,,M,1 Test St,,Testville,CA,90210,US,2026-10-02,RETAIL,ACTIVE,2026-10-03T00:15:14.541865+00:00,2026-10-03T00:15:14.541865+00:00
95aec27e-1ddb-4672-ab87-2b47a9bb59c3,Test,User,test.user.66047c58@example.com,,,,,,,,,US,2026-10-02,,ACTIVE,2026-10-03T00:15:14.542820+00:00,2026-10-03T00:15:14.542820+00:00
e045213b-d822-41ff-8e0c-435121049198,Debezium,Test,test.user.5a4c959f@example.com,,,,,,,,,US,2026-10-02,,ACTIVE,2026-10-03T00:15:14.543588+00:00,2026-10-03T00:15:14.543588+00:00
922bfc77-23ee-4da0-94b0-b162300bd906,Updated,Me,test.user.1eb2158e@example.com,,,,,,,,,US,2026-10-02,,ACTIVE,2026-10-03T00:15:14.548419+00:00,2026-10-03T00:15:14.548985+00:00
6d612cd9-f1ab-4ea2-85b4-b70f6e025135,Changed,Me,test.user.9fec9f41@example.com,,,,,,,,,US,2026-10-02,,ACTIVE,2026-10-03T00:15:14.550198+00:00,2026-10-03T00:15:14.550663+00:00
a36fcf22-a153-4462-a17a-8cba7e354c85,Update,Me,test.user.2e79c895@example.com,,,,,,NewCity,,,US,2026-10-02,,ACTIVE,2026-10-03T00:15:14.551886+00:00,2026-10-03T00:15:14.552404+00:00
0fbdbca6-2725-4fb7-abbd-d2764c8937a8,Update,Me,test.user.65464c11@example.com,,,,,,,,,US,2026-10-02,ENTERPRISE,ACTIVE,2026-10-03T00:15:14.553629+00:00,2026-10-03T00:15:14.554143+00:00
a92acf08-14e6-4cb2-9ee3-2977eafd847a,Update,Me,test.user.36122a4a@example.com,,,,,,,,,US,2026-10-02,,INACTIVE,2026-10-03T00:15:14.556342+00:00,2026-10-03T00:15:14.556855+00:00
1f273cec-d7af-447a-9490-0cddcd97030d,Update,Me,test.user.f323251e@example.com,,,,,,,,,US,2026-10-02,SMB,ACTIVE,2026-10-03T00:15:14.558027+00:00,2026-10-03T00:15:14.558466+00:00
a5050efd-b23b-42e8-8f8d-71a374f1c28f,Test,User,test.user.5bbde6af@example.com,,,,,,,,,US,2026-10-02,,ACTIVE,2026-10-03T01:35:49.787150+00:00,2026-10-03T01:35:49.787150+00:00
ea841ab1-86ca-4a9e-8499-670eeb7384d9,Test,User,test.user.4c48c611@example.com,,,,,,,,,US,2026-10-02,,ACTIVE,2026-10-03T01:35:49.788287+00:00,2026-10-03T01:35:49.788287+00:00
56ea4470-c3f1-4075-8ba2-04cddc581389,Alice,Smith,test.user.141b6f3f@example.com,,,,,,,,,US,2026-10-02,SMB,ACTIVE,2026-10-03T01:35:49.789055+00:00,2026-10-03T01:35:49.789055+00:00
a4c7b00d-ea2e-4bf5-84de-7de9ab74c7af,Bob,Jones,test.user.eb1d9544@example.com,,,,,,,,,US,2026-10-02,,ACTIVE,2026-10-03T01:35:49.789750+00:00,2026-10-03T01:35:49.789750+00:00
03d86dbc-9a62-48e9-84a8-db0f27769814,Test,User,test.user.0f98483d@example.com,,,,,,,,,US,2026-10-02,,ACTIVE,2026-10-03T01:35:49.790853+00:00,2026-10-03T01:35:49.790853+00:00
192e32b1-0a00-496b-af3a-02cd08b817cf,Carol,White,test.user.8443a9ed@example.com,555-000-1234,,M,1 Test St,,Testville,CA,90210,US,2026-10-02,RETAIL,ACTIVE,2026-10-03T01:35:49.792485+00:00,2026-10-03T01:35:49.792485+00:00
ba303c24-4dca-405b-8268-705edad28e58,Test,User,test.user.21a6fe5d@example.com,,,,,,,,,US,2026-10-02,,ACTIVE,2026-10-03T01:35:49.793163+00:00,2026-10-03T01:35:49.793163+00:00
48efdaf1-6acc-4d45-8716-10238d0113ba,Debezium,Test,test.user.6301e2ec@example.com,,,,,,,,,US,2026-10-02,,ACTIVE,2026-10-03T01:35:49.793804+00:00,2026-10-03T01:35:49.793804+00:00
6061bc31-2c65-46df-a05a-0cb6a2b786de,Updated,Me,test.user.29e06530@example.com,,,,,,,,,US,2026-10-02,,ACTIVE,2026-10-03T01:35:49.798138+00:00,2026-10-03T01:35:49.798669+00:00
bfa9800d-40b5-4255-b75b-6f93ddb6c715,Changed,Me,test.user.6b4033f9@example.com,,,,,,,,,US,2026-10-02,,ACTIVE,2026-10-03T01:35:49.800307+00:00,2026-10-03T01:35:49.800777+00:00
decdbaf4-6891-40ad-b142-ab2462639ce4,Update,Me,test.user.b0b77f11@example.com,,,,,,NewCity,,,US,2026-10-02,,ACTIVE,2026-10-03T01:35:49.801844+00:00,2026-10-03T01:35:49.802276+00:00
860439c6-94eb-45c5-b169-4d8486425ce2,Update,Me,test.user.606155df@example.com,,,,,,,,,US,2026-10-02,ENTERPRISE,ACTIVE,2026-10-03T01:35:49.803332+00:00,2026-10-03T01:35:49.803784+00:00
ef9e5f65-34a5-4c12-b47e-224f735137ba,Update,Me,test.user.345f7cd5@example.com,,,,,,,,,US,2026-10-02,,INACTIVE,2026-10-03T01:35:49.805747+00:00,2026-10-03T01:35:49.806199+00:00
