customer_id,account_number,account_type,currency,balance,credit_limit,opened_date,closed_date,status
a1b2c3d4-e5f6-7890-abcd-ef1234567890,CHK-39958838,CHECKING,USD,472.66,,2018-01-31,,ACTIVE
b2c3d4e5-f6a7-8901-bcde-f01234567891,SAV-83197857,SAVINGS,USD,36955.33,,2022-08-03,,SUSPENDED
c3d4e5f6-a7b8-9012-cdef-012345678902,CHK-22575562,CHECKING,USD,8898.34,,2015-05-11,,ACTIVE
d4e5f6a7-b8c9-0123-def0-123456789013,SAV-85329037,SAVINGS,USD,12016.71,,2021-10-01,,ACTIVE
e5f6a7b8-c9d0-1234-ef01-234567890124,SAV-39587039,SAVINGS,USD,35942.97,,2022-11-12,2024-05-09,INACTIVE
f6a7b8c9-d0e1-2345-f012-345678901235,INV-31429110,INVESTMENT,USD,149370.09,,2024-01-29,,ACTIVE
a7b8c9d0-e1f2-3456-0123-456789012346,INV-55176955,INVESTMENT,USD,88361.38,,2016-09-28,,ACTIVE
b8c9d0e1-f2a3-4567-1234-567890123457,CHK-56164955,CHECKING,USD,1481.91,,2016-02-01,,ACTIVE
c9d0e1f2-a3b4-5678-2345-678901234568,MTG-71662963,MORTGAGE,USD,169034.39,,2015-06-27,,SUSPENDED
d0e1f2a3-b4c5-6789-3456-789012345679,MTG-84093639,MORTGAGE,USD,106171.77,,2019-03-31,,ACTIVE
6b5c6817-f7ac-4db3-91d9-171c98decc15,CRD-87490893,CREDIT,USD,-1364.76,15000,2024-12-05,,ACTIVE
2c7220b4-64e6-49fd-8fee-c963f0f3fa36,SAV-40587988,SAVINGS,USD,35376.31,,2015-07-07,,SUSPENDED
ac14e4a9-e578-4e73-9501-6414437a9e4c,CRD-61019678,CREDIT,USD,-118.23,2500,2024-09-19,,ACTIVE
bdde4d7a-d161-4e1f-8e2b-3eb8f7e1ca9d,CRD-57683626,CREDIT,USD,-4372.72,5000,2016-10-28,,ACTIVE
9dfcd614-19e3-4a5f-a201-c2f3c2dca515,SAV-96977837,SAVINGS,USD,33673.67,,2022-11-14,,SUSPENDED
4468a7db-e74b-42d4-ae8c-d3273bce168c,CHK-42857966,CHECKING,USD,9176.05,,2016-12-01,2024-03-05,INACTIVE
30043e29-c77b-41db-8bdd-68cab685fffe,SAV-84752529,SAVINGS,USD,23381.88,,2018-01-10,,SUSPENDED
44338c91-f14a-465d-a5d5-46dfbf02ba6a,SAV-40742311,SAVINGS,USD,34388.41,,2024-06-14,,ACTIVE
2a47d527-3020-4152-8ad6-f2a99d628116,CHK-18883684,CHECKING,USD,12095.18,,2019-07-02,,ACTIVE
63b486c9-fa7f-4246-b69d-a234e5f7a129,SAV-52235350,SAVINGS,USD,45700.24,,2021-05-12,,SUSPENDED
3e2afd23-4651-473d-b66f-91dbb622b22b,SAV-71586053,SAVINGS,USD,32944.21,,2019-06-09,,SUSPENDED
7ddb0dbb-861b-4ebd-9e45-3d48b13c5683,SAV-85345555,SAVINGS,USD,13611.57,,2017-10-07,,SUSPENDED
dc45b7d2-29a7-4b3a-ab27-524e0083532a,MTG-88320463,MORTGAGE,USD,168233.72,,2021-07-22,,ACTIVE
14b910d1-455e-4e7f-b27c-2ffdaf80f164,INV-22201654,INVESTMENT,USD,93689.13,,2016-07-20,2021-07-14,INACTIVE
12ab17c4-027c-4d7c-ae8b-8ec20d697fe0,CHK-31472420,CHECKING,USD,12930.43,,2016-09-18,,SUSPENDED
baf8033b-924f-4594-b096-8132129c9dde,INV-89978790,INVESTMENT,USD,151120.21,,2019-04-26,,ACTIVE
c1430b33-09eb-4bc0-bc44-3608525f8192,INV-25374874,INVESTMENT,USD,134633.01,,2021-03-16,,ACTIVE
322217a0-e6e6-4536-b5da-6daaccf903b3,MTG-55657579,MORTGAGE,USD,387895.01,,2023-08-15,,SUSPENDED
1bd61823-d408-4591-b9f4-5aabc9761ad5,CHK-10435578,CHECKING,USD,4473.15,,2016-10-09,,ACTIVE
1e6906e1-d889-4397-a2f8-daf111fe23c7,CRD-93926371,CREDIT,USD,-224.9,2500,2020-09-10,,ACTIVE
a10a2d0d-39c4-42f0-a7d6-df72a6aa4e8d,CRD-30513739,CREDIT,USD,-1266.65,15000,2021-10-30,,ACTIVE
8172924b-7a45-4aaa-9030-7cf928a1609c,CRD-90388981,CREDIT,USD,-1899.91,15000,2023-09-25,2023-01-01,INACTIVE
6262b213-e2d2-4979-a609-ad469c8a42db,CRD-42138745,CREDIT,USD,-4091.15,1000,2019-01-26,,ACTIVE
d62883a0-c72b-4bfd-ba01-d17c8aef3a35,CHK-21496211,CHECKING,USD,3688.99,,2021-05-12,,ACTIVE
f89ec8e2-b17b-4b5f-931a-22e454be921a,INV-27232410,INVESTMENT,USD,204925.7,,2023-07-13,2023-05-09,INACTIVE
1c9a2241-2aa2-4c2a-a4f2-33b87924d936,INV-80823176,INVESTMENT,USD,236977.93,,2016-11-07,,ACTIVE
0d08eec9-d923-4f8b-af15-b0f3f9d89fe2,MTG-36998038,MORTGAGE,USD,240412.07,,2017-05-17,2024-09-26,INACTIVE
a007bada-b1a7-40f9-a726-2285c899e20d,CRD-68800797,CREDIT,USD,-4808.06,25000,2022-04-15,,ACTIVE
efbeb497-b214-43f3-92e0-1051c8085547,MTG-18593410,MORTGAGE,USD,253168.76,,2017-10-12,,ACTIVE
11e12ca8-34b5-412d-b9f5-253fe6c0e353,CRD-10965138,CREDIT,USD,-7831.73,15000,2017-07-31,2019-06-22,INACTIVE
77e4906b-d78e-462f-933a-88fdf30d3684,CHK-19046318,CHECKING,USD,10646.83,,2015-08-30,,ACTIVE
95ba9abe-ad1a-4f32-bcc8-dd57dd143f42,CHK-47376585,CHECKING,USD,12908.57,,2015-10-18,2017-09-01,INACTIVE
c06382e9-5fc2-4bcd-86e6-825578c358ae,INV-86644106,INVESTMENT,USD,57488.02,,2016-06-25,,SUSPENDED
34b85448-bc07-42a3-a50d-2abdc99555d8,MTG-64634663,MORTGAGE,USD,262701.96,,2023-10-19,,ACTIVE
6d82bbe9-1f3c-473b-a5af-e98f6099dbfe,SAV-57553014,SAVINGS,USD,5169.13,,2022-05-23,,ACTIVE
0424f6ab-50c8-4280-8f54-b618c9bda91d,INV-17270733,INVESTMENT,USD,105720.06,,2024-09-08,,SUSPENDED
00272b14-39c9-4c21-8601-000752c06663,CHK-24665841,CHECKING,USD,1003.13,,2023-03-02,,ACTIVE
59ced483-d512-4032-93f0-6742ecd26d3d,SAV-28814949,SAVINGS,USD,9983.71,,2021-01-05,,ACTIVE
6d1fb2af-c2f7-466b-b99e-4fefccadfa5e,INV-20117988,INVESTMENT,USD,49954.57,,2020-03-09,,ACTIVE
353c87f8-ef7c-40ab-96e3-69ff59a5c42a,INV-16789850,INVESTMENT,USD,202965.45,,2024-08-07,2024-02-20,INACTIVE
6a3ca70e-63ea-4ece-8197-7e1d3eadcb13,MTG-32321899,MORTGAGE,USD,426212.41,,2016-01-18,,ACTIVE
e731c2eb-3be4-47f3-9de5-36814c513379,INV-17869910,INVESTMENT,USD,123982.08,,2017-05-25,,ACTIVE
3572d353-14c6-45e7-b020-a3cef066e2a7,SAV-71070189,SAVINGS,USD,19259.17,,2019-05-19,,ACTIVE
833546ec-83b6-4e5a-a536-f861dcf779a9,CRD-75319931,CREDIT,USD,-4615.94,25000,2023-10-14,2024-11-08,INACTIVE
72c408ee-664b-4be7-add2-d64bdfe7bae8,SAV-87736262,SAVINGS,USD,9899.94,,2017-06-10,,ACTIVE
3e998824-8530-46f8-ad53-9ea34a017b44,MTG-16729990,MORTGAGE,USD,77430.91,,2018-07-08,,ACTIVE
7e891cfe-cb11-407e-854b-602677b18f94,MTG-17634247,MORTGAGE,USD,264554.83,,2024-07-24,2024-03-21,INACTIVE
5ba89a1a-fd1b-4170-a8a8-9e8631958624,MTG-89864260,MORTGAGE,USD,86050.16,,2017-01-31,,ACTIVE
a4fe1b25-e95c-4752-9142-81ecca0767e5,CHK-26090908,CHECKING,USD,10160.67,,2017-08-21,,ACTIVE
90362b0c-194a-4997-b982-4308f2050122,MTG-93131979,MORTGAGE,USD,160796.91,,2021-09-01,,ACTIVE
cf4d9cc3-bd25-4f6f-90cd-e4cb783f2f1a,CHK-52462441,CHECKING,USD,6346.45,,2021-07-18,2023-12-07,INACTIVE
ce798db9-986d-4e96-83b5-348e308cbf70,CRD-45650176,CREDIT,USD,-6365.93,25000,2018-07-10,,ACTIVE
3449b989-52df-4468-81b3-ef63373dd3bd,INV-71367643,INVESTMENT,USD,37065.18,,2022-03-28,,ACTIVE
4bfcbaaa-2202-4aff-b814-68488b26f39f,CRD-93370583,CREDIT,USD,-567.85,1000,2015-02-08,,ACTIVE
277bc38b-5bc7-452d-87d0-b155323a7a39,MTG-77898694,MORTGAGE,USD,498243.4,,2015-10-28,2017-05-23,INACTIVE
f6b7f15f-8d56-4ed1-90a0-2b556e4c3fc0,CRD-42787299,CREDIT,USD,-6940.35,5000,2024-11-17,,ACTIVE
f1febf93-d272-4408-b274-b7dc513f9deb,CRD-50603163,CREDIT,USD,-5720.1,10000,2024-05-08,2024-12-26,INACTIVE
22267439-31e8-44a3-b9bf-e90f2b36028e,MTG-80993218,MORTGAGE,USD,492733.99,,2024-01-19,,SUSPENDED
2e7ad6d1-7bac-4f0b-a3f1-fee41b48b0f1,CHK-99038526,CHECKING,USD,10051.16,,2021-03-21,,ACTIVE
844f28ca-f60b-4483-923e-2637b711f3fb,CHK-25492573,CHECKING,USD,14090.06,,2016-07-04,,ACTIVE
4556d088-662e-40ad-bcb1-10945829c1f2,CHK-47816686,CHECKING,USD,11162.01,,2016-09-28,,ACTIVE
2626499e-2e83-417b-b8f8-b1a5f5eb1723,MTG-95125977,MORTGAGE,USD,144783.34,,2018-11-05,,ACTIVE
d8e149b4-b686-441f-8824-6dbc40048f4a,CRD-22388090,CREDIT,USD,-3956.73,5000,2024-06-27,,ACTIVE
5e460ee6-a677-43f9-84e5-11d121c63d52,INV-54769200,INVESTMENT,USD,208190.28,,2015-06-30,,ACTIVE
b0f7b524-8d74-4ffc-87ba-fa61849055b4,SAV-69302158,SAVINGS,USD,32037.11,,2017-12-08,,ACTIVE
d0e34078-12e9-4419-9ebe-76bd53a58598,MTG-25015458,MORTGAGE,USD,367550.35,,2021-04-16,,ACTIVE
31182369-420f-4070-b55e-08b379d43149,CHK-83227889,CHECKING,USD,14181.26,,2022-10-01,,ACTIVE
0e1b7c52-58b8-4ec2-88dc-1f2105a530d8,CHK-67684996,CHECKING,USD,12535.47,,2021-07-13,2021-10-31,INACTIVE
88e8b519-db18-4433-b555-e2cbb44ac0a8,SAV-58024342,SAVINGS,USD,2570.53,,2019-02-02,,ACTIVE
75d7b526-947b-4e37-80a4-88ffdd5454ef,SAV-57469942,SAVINGS,USD,34262.3,,2022-06-24,,ACTIVE
5955d861-2bc8-40e0-ba82-c3edfe48cfc8,MTG-41774346,MORTGAGE,USD,447860.62,,2019-07-23,2020-09-25,INACTIVE
bf335375-6b69-457b-b668-7199c2baa354,SAV-65337219,SAVINGS,USD,48822.2,,2024-02-03,,ACTIVE
dcea4401-2628-4c5d-a6d5-e6c79f38c90c,CHK-99913412,CHECKING,USD,2772.47,,2018-09-22,,ACTIVE
8261816e-4723-4fdf-9680-01093f48576e,SAV-24508349,SAVINGS,USD,13706.88,,2023-10-31,,SUSPENDED
659f947a-482b-4c97-afb1-bc91f9f9f774,INV-39854548,INVESTMENT,USD,218680.86,,2024-08-17,,ACTIVE
ad49ab5a-f802-403f-860b-3e3af92368bc,SAV-50962024,SAVINGS,USD,40921.04,,2020-02-29,,ACTIVE
95aec27e-1ddb-4672-ab87-2b47a9bb59c3,SAV-63481198,SAVINGS,USD,11534.72,,2022-05-27,,ACTIVE
e045213b-d822-41ff-8e0c-435121049198,CRD-57130035,CREDIT,USD,-5771.18,1000,2023-09-03,,ACTIVE
922bfc77-23ee-4da0-94b0-b162300bd906,MTG-13704481,MORTGAGE,USD,229855.27,,2024-06-17,2024-06-18,INACTIVE
6d612cd9-f1ab-4ea2-85b4-b70f6e025135,CHK-87925434,CHECKING,USD,13167.87,,2017-12-05,,ACTIVE
a36fcf22-a153-4462-a17a-8cba7e354c85,CRD-52101056,CREDIT,USD,-7693.94,15000,2019-11-15,,ACTIVE
0fbdbca6-2725-4fb7-abbd-d2764c8937a8,INV-61700055,INVESTMENT,USD,153521.17,,2020-09-25,,ACTIVE
a92acf08-14e6-4cb2-9ee3-2977eafd847a,MTG-68526649,MORTGAGE,USD,135535.45,,2015-07-01,,SUSPENDED
1f273cec-d7af-447a-9490-0cddcd97030d,CHK-36445607,CHECKING,USD,7846.81,,2024-01-17,2024-12-17,INACTIVE
a5050efd-b23b-42e8-8f8d-71a374f1c28f,CRD-99038359,CREDIT,USD,-4549.62,25000,2018-09-14,2021-07-09,INACTIVE
ea841ab1-86ca-4a9e-8499-670eeb7384d9,CHK-99508850,CHECKING,USD,10824.34,,2018-05-15,2021-06-20,INACTIVE
56ea4470-c3f1-4075-8ba2-04cddc581389,INV-84411983,INVESTMENT,USD,84914.81,,2022-10-26,,ACTIVE
a4c7b00d-ea2e-4bf5-84de-7de9ab74c7af,SAV-33357554,SAVINGS,USD,9996.08,,2022-06-16,,ACTIVE
03d86dbc-9a62-48e9-84a8-db0f27769814,MTG-50785405,MORTGAGE,USD,306097.36,,2019-07-22,2019-01-02,INACTIVE
192e32b1-0a00-496b-af3a-02cd08b817cf,CRD-53251559,CREDIT,USD,-6318.54,15000,2021-10-20,,SUSPENDED
ba303c24-4dca-405b-8268-705edad28e58,INV-78608612,INVESTMENT,USD,113237.57,,2022-07-30,,ACTIVE
48efdaf1-6acc-4d45-8716-10238d0113ba,INV-32775593,INVESTMENT,USD,199465.17,,2023-12-05,,SUSPENDED
6061bc31-2c65-46df-a05a-0cb6a2b786de,CHK-93115778,CHECKING,USD,4328.42,,2022-06-12,,SUSPENDED
bfa9800d-40b5-4255-b75b-6f93ddb6c715,CRD-40150759,CREDIT,USD,-7252.9,2500,2022-07-18,,ACTIVE
decdbaf4-6891-40ad-b142-ab2462639ce4,SAV-73771720,SAVINGS,USD,7794.02,,2015-07-09,,ACTIVE
860439c6-94eb-45c5-b169-4d8486425ce2,MTG-65625330,MORTGAGE,USD,432381.96,,2015-10-26,,ACTIVE
ef9e5f65-34a5-4c12-b47e-224f735137ba,MTG-76354180,MORTGAGE,USD,137495.86,,2022-10-23,,ACTIVE
e694b7b6-4d74-4a7d-8505-777f2989321a,INV-10744212,INVESTMENT,USD,64776.19,,2022-05-11,,SUSPENDED
a68dad19-3360-408a-9e7b-bff8353ddf94,CHK-79519112,CHECKING,USD,11698.46,,2017-06-15,,ACTIVE
7cb609b7-4893-4afd-a7d5-fbcc6bb96fb6,INV-71265269,INVESTMENT,USD,17303.5,,2017-10-17,,ACTIVE
d0c4f000-1487-4336-b5e0-de081f94f963,SAV-69401199,SAVINGS,USD,40170.12,,2022-06-27,2023-10-12,INACTIVE
2fdacdd9-1ef9-4f7a-9cdf-ebe1953fbe79,MTG-83534128,MORTGAGE,USD,416752.93,,2020-08-29,,ACTIVE
12849832-3185-441b-b531-12436ef91345,INV-70407340,INVESTMENT,USD,224815.99,,2023-05-05,,ACTIVE
68f0b0a6-e9d7-45bc-9435-f954e3065661,CRD-94120751,CREDIT,USD,-1985.79,25000,2018-02-09,2023-06-08,INACTIVE
c216da99-ae3d-4322-9c03-44fc4eafc46f,SAV-48349783,SAVINGS,USD,14092.57,,2015-11-14,,SUSPENDED
6b66eba8-2efd-40b0-87d5-02d7677143ba,SAV-28572252,SAVINGS,USD,13949.9,,2018-08-02,2018-11-27,INACTIVE
1d17a26c-edea-4780-8cfa-729210fcf863,SAV-38716269,SAVINGS,USD,11947.44,,2022-10-13,,ACTIVE
6ada24ce-152c-4e92-b439-7d3a5d016f8e,CHK-65804273,CHECKING,USD,6281.53,,2018-09-17,2023-03-24,INACTIVE
32691270-b8a2-4b1f-8f4c-2c262b422a40,CHK-88393811,CHECKING,USD,3181.83,,2019-09-17,,ACTIVE
32c8ebe0-993a-4e62-8658-bc2f9357e978,CHK-74019136,CHECKING,USD,12865.31,,2023-08-02,2024-01-25,INACTIVE
b02462b7-db3f-4fa2-b101-af2457fdf95f,CHK-66240084,CHECKING,USD,14146.85,,2018-05-08,,ACTIVE
5f0443e7-ac6f-4230-94f3-1f29101edd20,MTG-75529051,MORTGAGE,USD,386382.05,,2021-02-14,2022-03-28,INACTIVE
f38556d9-88f2-4d63-a04b-72c85d99367a,SAV-62191530,SAVINGS,USD,14010.3,,2020-06-12,,ACTIVE
4a0b67b7-6905-4a28-ad11-f74ede2354e4,CRD-72732043,CREDIT,USD,-2649.01,10000,2023-02-14,,ACTIVE
6c344ae6-8878-4578-a8da-e8a34648c229,SAV-62884503,SAVINGS,USD,49045.74,,2020-12-27,,ACTIVE
c98ac561-202a-4540-b789-4dfe74c245f2,MTG-96268397,MORTGAGE,USD,303976.39,,2015-04-22,,ACTIVE
9289e84e-228a-49e4-8ee4-8afcc1b2ae90,INV-16749089,INVESTMENT,USD,38246.37,,2020-03-06,,ACTIVE
02b902ff-82a1-417e-90ff-ed7d2fa26d88,CRD-55298556,CREDIT,USD,-4967.17,2500,2020-02-06,,ACTIVE
10168f5b-fd3e-40a3-bbdf-01e2817e3bb7,INV-43859311,INVESTMENT,USD,73172.87,,2024-04-30,,ACTIVE
9e0ae252-1de0-4ed1-8ebb-7983a72e0a3b,CHK-56970882,CHECKING,USD,7107.57,,2023-05-27,2023-02-23,INACTIVE
a05769ab-2bb0-4eb5-8f48-a600a1b91d0d,SAV-15403355,SAVINGS,USD,32682.13,,2023-10-05,,SUSPENDED
611d66ca-1797-4daa-b80e-b58358153c3d,CHK-93394260,CHECKING,USD,14249.21,,2017-03-27,,ACTIVE
6b0ba381-de02-402f-8c8c-7f4e1a982979,SAV-25353091,SAVINGS,USD,12307.97,,2020-04-23,,SUSPENDED
54f110e5-8b02-4a88-b48d-e4014524354d,MTG-44392446,MORTGAGE,USD,476490.66,,2020-03-19,,SUSPENDED
8ceb1d04-a1e5-4d16-9573-67f089d351ee,CRD-25372341,CREDIT,USD,-6657.69,15000,2023-05-22,,SUSPENDED
3cd6940c-2e5d-43cb-8e83-0945603b89dd,SAV-51870192,SAVINGS,USD,48253.68,,2016-03-18,2016-04-15,INACTIVE
66aac411-4604-4ab9-a1e7-9f4fb8a4247d,MTG-36619372,MORTGAGE,USD,354806.28,,2019-03-18,,ACTIVE
65e9ecb2-f0d3-4b9d-8b4e-c50e32d19d7c,CHK-42594692,CHECKING,USD,8922.26,,2024-04-25,,SUSPENDED
68841712-3416-444f-b120-0fd94ca87db6,CHK-90585882,CHECKING,USD,10488.18,,2018-05-20,,SUSPENDED
f2ed0ae3-f53f-4327-9087-69262d804155,CHK-56600900,CHECKING,USD,11963.79,,2021-05-07,,ACTIVE
e8e062cb-5c28-4ce6-a084-f1833ded4962,MTG-77908907,MORTGAGE,USD,242770.11,,2019-02-26,,ACTIVE
3d940162-9b40-4a0b-bc87-4cc0adc3bf04,CRD-24165187,CREDIT,USD,-7898.78,10000,2024-03-22,,ACTIVE
23ca35e4-6af9-441d-80ec-e7117e0d0887,INV-30534124,INVESTMENT,USD,240392.95,,2022-02-16,,ACTIVE
8c53c923-702a-400f-8b56-06b87f781883,INV-46249845,INVESTMENT,USD,48153.56,,2020-11-07,,SUSPENDED
91afbeb2-c818-4815-b790-548ad21fe086,MTG-72394301,MORTGAGE,USD,413689.65,,2021-01-13,,ACTIVE
954fc4fa-77f9-4f35-84f6-4b31cf228f75,INV-53258988,INVESTMENT,USD,207304.98,,2021-08-23,,ACTIVE
474330ce-913a-4a78-8cde-5b4a37de7cd1,SAV-70505620,SAVINGS,USD,41621.19,,2015-12-21,,ACTIVE
6671172f-9dd6-4839-b910-6f01e962922b,SAV-60867083,SAVINGS,USD,37648.58,,2021-05-23,2024-09-30,INACTIVE
8a584bce-c8c0-4cc4-ba11-d610961db93f,CRD-38470244,CREDIT,USD,-7770.4,5000,2017-01-14,,ACTIVE
3a7dea57-38a8-4261-8b48-5f827fa7cfed,CRD-84597009,CREDIT,USD,-1617.34,5000,2018-02-19,2021-02-05,INACTIVE
36e9ac8d-172b-4d83-8250-39224d102243,CHK-42394260,CHECKING,USD,7797.75,,2017-02-21,,ACTIVE
