customer_id,account_number,transaction_type,amount,currency,description,merchant_name,merchant_category,channel,status,reference_id,transacted_at,posted_at
a1b2c3d4-e5f6-7890-abcd-ef1234567890,CHK-39958838,CREDIT,1600.37,USD,Credit transaction,Amazon,RETAIL,ONLINE,COMPLETED,REF-FBDEF36FA6,2024-01-01T00:00:00+00:00,2024-01-01T00:00:00+00:00
b2c3d4e5-f6a7-8901-bcde-f01234567891,SAV-83197857,DEBIT,67.40,USD,Debit transaction,Starbucks,FOOD,ATM,COMPLETED,REF-E972116F11,2024-01-02T01:00:00+00:00,2024-01-02T01:00:00+00:00
c3d4e5f6-a7b8-9012-cdef-012345678902,CHK-22575562,TRANSFER,691.20,USD,Transfer transaction,Shell,FUEL,POS,COMPLETED,REF-BA33F15D15,2024-01-03T02:00:00+00:00,2024-01-03T02:00:00+00:00
d4e5f6a7-b8c9-0123-def0-123456789013,SAV-85329037,FEE,561.91,USD,Fee transaction,Netflix,ENTERTAINMENT,MOBILE,COMPLETED,REF-C5D93FF4FE,2024-01-04T03:00:00+00:00,2024-01-04T03:00:00+00:00
e5f6a7b8-c9d0-1234-ef01-234567890124,SAV-39587039,INTEREST,1842.50,USD,Interest transaction,Whole Foods,GROCERY,BRANCH,COMPLETED,REF-C70417F845,2024-01-05T04:00:00+00:00,2024-01-05T04:00:00+00:00
f6a7b8c9-d0e1-2345-f012-345678901235,INV-31429110,CREDIT,1693.37,USD,Credit transaction,,,ONLINE,COMPLETED,REF-1CF2C35713,2024-01-06T05:00:00+00:00,2024-01-06T05:00:00+00:00
a7b8c9d0-e1f2-3456-0123-456789012346,INV-55176955,DEBIT,2230.99,USD,Debit transaction,Uber,TRANSPORT,ATM,COMPLETED,REF-8D53DEA086,2024-01-07T06:00:00+00:00,2024-01-07T06:00:00+00:00
b8c9d0e1-f2a3-4567-1234-567890123457,CHK-56164955,TRANSFER,221.91,USD,Transfer transaction,Amazon,RETAIL,POS,COMPLETED,REF-D9ED1D631B,2024-01-08T07:00:00+00:00,2024-01-08T07:00:00+00:00
c9d0e1f2-a3b4-5678-2345-678901234568,MTG-71662963,FEE,1057.69,USD,Fee transaction,Starbucks,FOOD,MOBILE,COMPLETED,REF-A7B5BF877A,2024-01-09T08:00:00+00:00,2024-01-09T08:00:00+00:00
d0e1f2a3-b4c5-6789-3456-789012345679,MTG-84093639,INTEREST,79.34,USD,Interest transaction,Shell,FUEL,BRANCH,COMPLETED,REF-6B3234051A,2024-01-10T09:00:00+00:00,2024-01-10T09:00:00+00:00
